[

    {
        "flightId":"AI01",
        "date":"12/11/2017",
        "departureCity":"Pune",
        "arrivalCity":"Mumbai",
        "price":"10000"
    },
    {
        "flightId":"AI02",
        "date":"15/11/2017",
        "departureCity":"Pune",
        "arrivalCity":"Mumbai",
        "price":"10000"
    },
    {
        "flightId":"AI03",
        "date":"18/11/2017",
        "departureCity":"Pune",
        "arrivalCity":"Mumbai",
        "price":"10000"
    },
    {
        "flightId":"AI04",
        "date":"21/11/2017",
        "departureCity":"Pune",
        "arrivalCity":"Mumbai",
        "price":"10000"
    },
    {
        "flightId":"AI05",
        "date":"12/11/2017",
        "departureCity":"Mumbai",
        "arrivalCity":"Pune",
        "price":"10000"
    },
    {
        "flightId":"AI06",
        "date":"15/11/2017",
        "departureCity":"Mumbai",
        "arrivalCity":"Pune",
        "price":"10000"
    },
    {
        "flightId":"AI07",
        "date":"12/11/2017",
        "departureCity":"Mumbai",
        "arrivalCity":"Pune",
        "price":"10000"
    },
    {
        "flightId":"AI08",
        "date":"12/11/2017",
        "departureCity":"Mumbai",
        "arrivalCity":"Pune",
        "price":"10000"
    }

]